<?xml version="1.0" encoding="UTF-8"?>
<root>
  <item name="android.graphics.pdf.PdfRenderer android.graphics.pdf.PdfRenderer.Page openPage(int) 0">
    <annotation name="androidx.annotation.IntRange">
      <val name="from" val="0" />
    </annotation>
  </item>
  <item name="android.graphics.pdf.PdfRenderer int getDocumentLinearizationType()">
    <annotation name="androidx.annotation.IntDef">
      <val name="value" val="{android.graphics.pdf.PdfRenderer.DOCUMENT_LINEARIZED_TYPE_NON_LINEARIZED, android.graphics.pdf.PdfRenderer.DOCUMENT_LINEARIZED_TYPE_LINEARIZED}" />
    </annotation>
  </item>
  <item name="android.graphics.pdf.PdfRenderer int getPageCount()">
    <annotation name="androidx.annotation.IntRange">
      <val name="from" val="0" />
    </annotation>
  </item>
  <item name="android.graphics.pdf.PdfRenderer int getPdfFormType()">
    <annotation name="androidx.annotation.IntDef">
      <val name="value" val="{android.graphics.pdf.PdfRenderer.PDF_FORM_TYPE_NONE, android.graphics.pdf.PdfRenderer.PDF_FORM_TYPE_ACRO_FORM, android.graphics.pdf.PdfRenderer.PDF_FORM_TYPE_XFA_FULL, android.graphics.pdf.PdfRenderer.PDF_FORM_TYPE_XFA_FOREGROUND}" />
    </annotation>
  </item>
  <item name="android.graphics.pdf.PdfRenderer.Page android.graphics.pdf.models.FormWidgetInfo getFormWidgetInfoAtIndex(int) 0">
    <annotation name="androidx.annotation.IntRange">
      <val name="from" val="0" />
    </annotation>
  </item>
  <item name="android.graphics.pdf.PdfRenderer.Page int getHeight()">
    <annotation name="androidx.annotation.IntRange">
      <val name="from" val="0" />
    </annotation>
  </item>
  <item name="android.graphics.pdf.PdfRenderer.Page int getIndex()">
    <annotation name="androidx.annotation.IntRange">
      <val name="from" val="0" />
    </annotation>
  </item>
  <item name="android.graphics.pdf.PdfRenderer.Page int getWidth()">
    <annotation name="androidx.annotation.IntRange">
      <val name="from" val="0" />
    </annotation>
  </item>
  <item name="android.graphics.pdf.PdfRenderer.Page void render(android.graphics.Bitmap, android.graphics.Rect, android.graphics.Matrix, int) 3">
    <annotation name="androidx.annotation.IntDef">
      <val name="value" val="{android.graphics.pdf.PdfRenderer.Page.RENDER_MODE_FOR_DISPLAY, android.graphics.pdf.PdfRenderer.Page.RENDER_MODE_FOR_PRINT}" />
    </annotation>
  </item>
</root>

