<?xml version="1.0" encoding="UTF-8"?>
<root>
  <item name="android.provider.CloudMediaProvider.CloudMediaSurfaceStateChangedCallback void setPlaybackState(int, int, android.os.Bundle) 1">
    <annotation name="androidx.annotation.IntDef">
      <val name="value" val="{android.provider.CloudMediaProvider.CloudMediaSurfaceStateChangedCallback.PLAYBACK_STATE_BUFFERING, android.provider.CloudMediaProvider.CloudMediaSurfaceStateChangedCallback.PLAYBACK_STATE_READY, android.provider.CloudMediaProvider.CloudMediaSurfaceStateChangedCallback.PLAYBACK_STATE_STARTED, android.provider.CloudMediaProvider.CloudMediaSurfaceStateChangedCallback.PLAYBACK_STATE_PAUSED, android.provider.CloudMediaProvider.CloudMediaSurfaceStateChangedCallback.PLAYBACK_STATE_COMPLETED, android.provider.CloudMediaProvider.CloudMediaSurfaceStateChangedCallback.PLAYBACK_STATE_ERROR_RETRIABLE_FAILURE, android.provider.CloudMediaProvider.CloudMediaSurfaceStateChangedCallback.PLAYBACK_STATE_ERROR_PERMANENT_FAILURE, android.provider.CloudMediaProvider.CloudMediaSurfaceStateChangedCallback.PLAYBACK_STATE_MEDIA_SIZE_CHANGED}" />
      <val name="flag" val="true" />
    </annotation>
  </item>
  <item name="android.provider.MediaCognitionProcessingRequest boolean checkProcessingRequired(int) 0">
    <annotation name="androidx.annotation.IntDef">
      <val name="value" val="{android.provider.MediaCognitionService.ProcessingTypes.IMAGE_OCR_LATIN, android.provider.MediaCognitionService.ProcessingTypes.IMAGE_LABEL}" />
      <val name="flag" val="true" />
    </annotation>
  </item>
  <item name="android.provider.MediaCognitionProcessingRequest int getProcessingCombination()">
    <annotation name="androidx.annotation.IntDef">
      <val name="value" val="{android.provider.MediaCognitionService.ProcessingTypes.IMAGE_OCR_LATIN, android.provider.MediaCognitionService.ProcessingTypes.IMAGE_LABEL}" />
      <val name="flag" val="true" />
    </annotation>
  </item>
  <item name="android.provider.MediaCognitionProcessingRequest.Builder android.provider.MediaCognitionProcessingRequest.Builder addProcessingRequest(int) 0">
    <annotation name="androidx.annotation.IntDef">
      <val name="value" val="{android.provider.MediaCognitionService.ProcessingTypes.IMAGE_OCR_LATIN, android.provider.MediaCognitionService.ProcessingTypes.IMAGE_LABEL}" />
    </annotation>
  </item>
  <item name="android.provider.MediaCognitionProcessingRequest.Builder android.provider.MediaCognitionProcessingRequest.Builder setProcessingCombination(int) 0">
    <annotation name="androidx.annotation.IntDef">
      <val name="value" val="{android.provider.MediaCognitionService.ProcessingTypes.IMAGE_OCR_LATIN, android.provider.MediaCognitionService.ProcessingTypes.IMAGE_LABEL}" />
      <val name="flag" val="true" />
    </annotation>
  </item>
  <item name="android.provider.MediaCognitionProcessingVersions int getProcessingVersion(int) 0">
    <annotation name="androidx.annotation.IntDef">
      <val name="value" val="{android.provider.MediaCognitionService.ProcessingTypes.IMAGE_OCR_LATIN, android.provider.MediaCognitionService.ProcessingTypes.IMAGE_LABEL}" />
    </annotation>
  </item>
  <item name="android.provider.MediaCognitionProcessingVersions void setProcessingVersion(int, int) 0">
    <annotation name="androidx.annotation.IntDef">
      <val name="value" val="{android.provider.MediaCognitionService.ProcessingTypes.IMAGE_OCR_LATIN, android.provider.MediaCognitionService.ProcessingTypes.IMAGE_LABEL}" />
    </annotation>
  </item>
  <item name="android.provider.MediaStore QUERY_ARG_MATCH_FAVORITE">
    <annotation name="androidx.annotation.IntDef">
      <val name="value" val="{android.provider.MediaStore.MATCH_DEFAULT, android.provider.MediaStore.MATCH_INCLUDE, android.provider.MediaStore.MATCH_EXCLUDE, android.provider.MediaStore.MATCH_ONLY}" />
      <val name="flag" val="true" />
    </annotation>
  </item>
  <item name="android.provider.MediaStore QUERY_ARG_MATCH_PENDING">
    <annotation name="androidx.annotation.IntDef">
      <val name="value" val="{android.provider.MediaStore.MATCH_DEFAULT, android.provider.MediaStore.MATCH_INCLUDE, android.provider.MediaStore.MATCH_EXCLUDE, android.provider.MediaStore.MATCH_ONLY}" />
      <val name="flag" val="true" />
    </annotation>
  </item>
  <item name="android.provider.MediaStore QUERY_ARG_MATCH_TRASHED">
    <annotation name="androidx.annotation.IntDef">
      <val name="value" val="{android.provider.MediaStore.MATCH_DEFAULT, android.provider.MediaStore.MATCH_INCLUDE, android.provider.MediaStore.MATCH_EXCLUDE, android.provider.MediaStore.MATCH_ONLY}" />
      <val name="flag" val="true" />
    </annotation>
  </item>
  <item name="android.provider.MediaStore android.net.Uri scanFile(android.content.ContentResolver, java.io.File)">
    <annotation name="androidx.annotation.WorkerThread"/>
  </item>
  <item name="android.provider.MediaStore void scanVolume(android.content.ContentResolver, java.lang.String)">
    <annotation name="androidx.annotation.WorkerThread"/>
  </item>
  <item name="android.provider.MediaStore void waitForIdle(android.content.ContentResolver)">
    <annotation name="androidx.annotation.WorkerThread"/>
  </item>
</root>

