<?xml version="1.0" encoding="UTF-8"?>
<root>
  <item name="android.graphics.pdf.PdfRendererPreV android.graphics.pdf.PdfRendererPreV.Page openPage(int) 0">
    <annotation name="androidx.annotation.IntRange">
      <val name="from" val="0" />
    </annotation>
  </item>
  <item name="android.graphics.pdf.PdfRendererPreV int getDocumentLinearizationType()">
    <annotation name="androidx.annotation.IntDef">
      <val name="value" val="{android.graphics.pdf.PdfRendererPreV.DOCUMENT_LINEARIZED_TYPE_NON_LINEARIZED, android.graphics.pdf.PdfRendererPreV.DOCUMENT_LINEARIZED_TYPE_LINEARIZED}" />
    </annotation>
  </item>
  <item name="android.graphics.pdf.PdfRendererPreV int getPageCount()">
    <annotation name="androidx.annotation.IntRange">
      <val name="from" val="0" />
    </annotation>
  </item>
  <item name="android.graphics.pdf.PdfRendererPreV int getPdfFormType()">
    <annotation name="androidx.annotation.IntDef">
      <val name="value" val="{android.graphics.pdf.PdfRendererPreV.PDF_FORM_TYPE_NONE, android.graphics.pdf.PdfRendererPreV.PDF_FORM_TYPE_ACRO_FORM, android.graphics.pdf.PdfRendererPreV.PDF_FORM_TYPE_XFA_FULL, android.graphics.pdf.PdfRendererPreV.PDF_FORM_TYPE_XFA_FOREGROUND}" />
    </annotation>
  </item>
  <item name="android.graphics.pdf.PdfRendererPreV.Page android.graphics.pdf.models.FormWidgetInfo getFormWidgetInfoAtIndex(int) 0">
    <annotation name="androidx.annotation.IntRange">
      <val name="from" val="0" />
    </annotation>
  </item>
  <item name="android.graphics.pdf.PdfRendererPreV.Page int getHeight()">
    <annotation name="androidx.annotation.IntRange">
      <val name="from" val="0" />
    </annotation>
  </item>
  <item name="android.graphics.pdf.PdfRendererPreV.Page int getIndex()">
    <annotation name="androidx.annotation.IntRange">
      <val name="from" val="0" />
    </annotation>
  </item>
  <item name="android.graphics.pdf.PdfRendererPreV.Page int getWidth()">
    <annotation name="androidx.annotation.IntRange">
      <val name="from" val="0" />
    </annotation>
  </item>
  <item name="android.graphics.pdf.PdfRendererPreV.Page java.util.List&lt;android.graphics.pdf.models.FormWidgetInfo&gt; getFormWidgetInfos(int[]) 0">
    <annotation name="androidx.annotation.IntDef">
      <val name="value" val="{android.graphics.pdf.models.FormWidgetInfo.WIDGET_TYPE_UNKNOWN, android.graphics.pdf.models.FormWidgetInfo.WIDGET_TYPE_PUSHBUTTON, android.graphics.pdf.models.FormWidgetInfo.WIDGET_TYPE_CHECKBOX, android.graphics.pdf.models.FormWidgetInfo.WIDGET_TYPE_RADIOBUTTON, android.graphics.pdf.models.FormWidgetInfo.WIDGET_TYPE_COMBOBOX, android.graphics.pdf.models.FormWidgetInfo.WIDGET_TYPE_LISTBOX, android.graphics.pdf.models.FormWidgetInfo.WIDGET_TYPE_TEXTFIELD, android.graphics.pdf.models.FormWidgetInfo.WIDGET_TYPE_SIGNATURE}" />
    </annotation>
  </item>
  <item name="android.graphics.pdf.RenderParams int getRenderFlags()">
    <annotation name="androidx.annotation.IntDef">
      <val name="value" val="{android.graphics.pdf.RenderParams.FLAG_RENDER_TEXT_ANNOTATIONS, android.graphics.pdf.RenderParams.FLAG_RENDER_HIGHLIGHT_ANNOTATIONS}" />
      <val name="flag" val="true" />
    </annotation>
  </item>
  <item name="android.graphics.pdf.RenderParams int getRenderMode()">
    <annotation name="androidx.annotation.IntDef">
      <val name="value" val="{android.graphics.pdf.RenderParams.RENDER_MODE_FOR_DISPLAY, android.graphics.pdf.RenderParams.RENDER_MODE_FOR_PRINT}" />
    </annotation>
  </item>
  <item name="android.graphics.pdf.RenderParams.Builder Builder(int) 0">
    <annotation name="androidx.annotation.IntDef">
      <val name="value" val="{android.graphics.pdf.RenderParams.RENDER_MODE_FOR_DISPLAY, android.graphics.pdf.RenderParams.RENDER_MODE_FOR_PRINT}" />
    </annotation>
  </item>
  <item name="android.graphics.pdf.RenderParams.Builder android.graphics.pdf.RenderParams.Builder setRenderFlags(int) 0">
    <annotation name="androidx.annotation.IntDef">
      <val name="value" val="{android.graphics.pdf.RenderParams.FLAG_RENDER_TEXT_ANNOTATIONS, android.graphics.pdf.RenderParams.FLAG_RENDER_HIGHLIGHT_ANNOTATIONS}" />
      <val name="flag" val="true" />
    </annotation>
  </item>
  <item name="android.graphics.pdf.RenderParams.Builder android.graphics.pdf.RenderParams.Builder setRenderFlags(int, int) 0">
    <annotation name="androidx.annotation.IntDef">
      <val name="value" val="{android.graphics.pdf.RenderParams.FLAG_RENDER_TEXT_ANNOTATIONS, android.graphics.pdf.RenderParams.FLAG_RENDER_HIGHLIGHT_ANNOTATIONS}" />
      <val name="flag" val="true" />
    </annotation>
  </item>
  <item name="android.graphics.pdf.RenderParams.Builder android.graphics.pdf.RenderParams.Builder setRenderFlags(int, int) 1">
    <annotation name="androidx.annotation.IntDef">
      <val name="value" val="{android.graphics.pdf.RenderParams.FLAG_RENDER_TEXT_ANNOTATIONS, android.graphics.pdf.RenderParams.FLAG_RENDER_HIGHLIGHT_ANNOTATIONS}" />
      <val name="flag" val="true" />
    </annotation>
  </item>
</root>

